<?xml version="1.0" encoding="UTF-8"?>
<project-private xmlns="http://www.netbeans.org/ns/project-private/1">
    <editor-bookmarks xmlns="http://www.netbeans.org/ns/editor-bookmarks/2" lastBookmarkId="0"/>
    <open-files xmlns="http://www.netbeans.org/ns/projectui-open-files/2">
        <group>
            <file>file:/C:/Users/tanwa/OneDrive%20-%20MSFT/TWK%20developer/Documents/NetBeansProjects/OODJ/JavaAssignment/src/Login/Profile_form.java</file>
            <file>file:/C:/Users/tanwa/OneDrive%20-%20MSFT/TWK%20developer/Documents/NetBeansProjects/OODJ/JavaAssignment/src/User/PurchaseManager.java</file>
            <file>file:/C:/Users/tanwa/OneDrive%20-%20MSFT/TWK%20developer/Documents/NetBeansProjects/OODJ/JavaAssignment/src/Utility/txt.java</file>
            <file>file:/C:/Users/tanwa/OneDrive%20-%20MSFT/TWK%20developer/Documents/NetBeansProjects/OODJ/JavaAssignment/src/Login/Register.java</file>
            <file>file:/C:/Users/tanwa/OneDrive%20-%20MSFT/TWK%20developer/Documents/NetBeansProjects/OODJ/JavaAssignment/src/User/User.java</file>
            <file>file:/C:/Users/tanwa/OneDrive%20-%20MSFT/TWK%20developer/Documents/NetBeansProjects/OODJ/JavaAssignment/src/Login/AdminPage.java</file>
            <file>file:/C:/Users/tanwa/OneDrive%20-%20MSFT/TWK%20developer/Documents/NetBeansProjects/OODJ/JavaAssignment/src/Purchase_Order/purchaseOrder.java</file>
            <file>file:/C:/Users/tanwa/OneDrive%20-%20MSFT/TWK%20developer/Documents/NetBeansProjects/OODJ/JavaAssignment/src/User/User.txt</file>
            <file>file:/C:/Users/tanwa/OneDrive%20-%20MSFT/TWK%20developer/Documents/NetBeansProjects/OODJ/JavaAssignment/src/User/Admin.java</file>
        </group>
    </open-files>
</project-private>
